{
    "brawlBall": {
        "accuracy": 0.6861620578047811,
        "f1": 0.694809497515185,
        "precision": 0.6906147091108672,
        "recall": 0.6990555555555555
    },
    "gemGrab": {
        "accuracy": 0.6888559243463749,
        "f1": 0.6938514869549353,
        "precision": 0.6969030602895364,
        "recall": 0.6908265213442325
    },
    "heist": {
        "accuracy": 0.6451083388049902,
        "f1": 0.652075957515288,
        "precision": 0.6543927648578811,
        "recall": 0.6497754971135343
    },
    "hotZone": {
        "accuracy": 0.727369826435247,
        "f1": 0.7370589750193149,
        "precision": 0.7395348837209302,
        "recall": 0.7345995893223819
    },
    "bounty": {
        "accuracy": 0.6709314839172545,
        "f1": 0.6872727272727273,
        "precision": 0.680008994827974,
        "recall": 0.6946933149552033
    },
    "knockout": {
        "accuracy": 0.6360559913859406,
        "f1": 0.6431372549019607,
        "precision": 0.6446930752948291,
        "recall": 0.6415889256695757
    },
    "volleyBrawl": {
        "accuracy": 0.6187979023799919,
        "f1": 0.6440677966101696,
        "precision": 0.6231778425655977,
        "recall": 0.666406858924396
    }
}