{"accuracy":{"0":0.7093008855},"f1":{"0":0.7104394757},"precision":{"0":0.7206406807},"recall":{"0":0.7005230507}}