{
    "brawlBall": {
        "accuracy": 0.6988888359006152,
        "f1": 0.7094607031106204,
        "precision": 0.7057584912569806,
        "recall": 0.7132019613285225
    },
    "gemGrab": {
        "accuracy": 0.654524089306698,
        "f1": 0.6027027027027027,
        "precision": 0.7248104008667389,
        "recall": 0.5158057054741712
    },
    "heist": {
        "accuracy": 0.6120331950207469,
        "f1": 0.5526315789473684,
        "precision": 0.6637931034482759,
        "recall": 0.4733606557377049
    },
    "hotZone": {
        "accuracy": 0.6021505376344086,
        "f1": 0.5842696629213482,
        "precision": 0.5909090909090909,
        "recall": 0.5777777777777777
    }
}